"Sygnatura czasowa","Często poważnie rozważam odejście z obecnej pracy","Zamierzam rzucić obecną pracę","Zacząłem szukać innej pracy","Ogólnie rzecz biorąc nie lubię swojej pracy","Moja pensja na rękę jest","Ogólnie rzecz biorąc jestem zadowolony ze swojej pracy","Ogólnie rzecz biorąc, lubię tu pracować","W jakim stopniu jesteś ogólnie zadowolony ze swojej pracy?","Jak często poważnie rozważałeś odejście z obecnej pracy?"," Pod bardzo wieloma względami moja praca bliska jest ideału","Mam świetne warunki pracy","Jestem zadowolony z pracy","Jak dotąd w pracy udawało mi się osiągać to, czego chciałem","Gdybym miał decydować raz jeszcze, wybrałbym tę samą pracę","Wielkość mojej obecnej pensji jest","Jak często w pracy kłócisz się z innymi osobami?","Jak często w pracy kłócisz się z przełożonym?","Jak często inni ludzie krzyczą na Ciebie w pracy?","Jak często twój przełożony krzyczy na ciebie?","Jak często ludzie są wobec Ciebie niemili w pracy?","Jak często twój przełożony jest niemiły w pracy?","Jak często inni ludzie robią Ci nieprzyjemne rzeczy w pracy?","Jak często Twój przełożony robi ci nieprzyjemne rzeczy w pracy?","Moje obecne wynagrodzenie jest","Poziom mojego łącznego wynagrodzenia jest","Zakład pracy, w której pracuję ma dla mnie duże znaczenie osobiste.","Czułbym się winny, gdybym teraz odszedł z mojego zakładu pracy","Zbyt wiele straciłbym w moim życiu, decydując się teraz na odejście z mojego zakładu pracy","Mogę powiedzieć, że czuję się w moim zakładzie pracy jak w rodzinie","Gdybym dostał ofertę lepszej pracy, czułbym się nie w porządku odchodząc z mojego zakładu pracy","Byłbym bardzo zadowolony gdybym do emerytury mógł pracować w moim zakładzie pracy","Wiele zawdzięczam mojemu zakładowi pracy","Jednym z głównych powodów, dla których wciąż pracuję w tym zakładzie pracy jest wiara w znaczenie lojalności dająca mi poczucie moralnego obowiązku pozostania","Czuje, że problemy mojego zakładu pracy są rzeczywiście moimi własnymi problemami","Nie odszedłbym teraz z mojego zakładu pracy, ponieważ mam zobowiązania w stosunku do ludzi, którzy w niej pracują","Jedną z kilku negatywnych konsekwencji odejścia z mojego zakładu pracy mógłby być brak dostępnych możliwości zatrudnienia","Byłoby mi bardzo ciężko odejść teraz z mojego zakładu pracy, nawet gdybym chciał","Ten zakład pracy zasługuje na to, żebym był wobec niego w porządku","Mam poczucie, że pozostanie w zakładzie pracy jest dla mnie koniecznością","Sprawia mi przyjemność, kiedy mogę porozmawiać o moim zakładzie pracy z ludźmi z zewnątrz","Sądzę, że odchodząc z mojego zakładu pracy, mam zbyt mało innych możliwości do wyboru","Nawet, gdyby to było dla mnie korzystne, nie czułbym się w porządku odchodząc teraz z mojego zakładu pracy","Lepiej było, kiedy ludzie większość swojego życia zawodowego wiązali z jedną firmą","Płeć","Rodzaj studiów","Staż łączny (lata pracy)","Ile razy zmieniałeś miejsce pracy?","Praca na oddziale ratunkowym lub intensywnej terapii"
"2023/11/04 1:55:21 PM CET","Trudno powiedzieć","Trudno powiedzieć","Zgadzam się","Zdecydowanie się nie zgadzam","Satysfakcjonująca","Zgadzam się","Trudno powiedzieć","Zadowolony","Czasami","Trudno powiedzieć","trudno powiedzieć","raczej się zgadzam","trudno powiedzieć","zdecydowanie się nie zgadzam","satysfakcjonująca","raz na miesiąc lub mniej","raz na miesiąc lub mniej","raz na miesiąc lub mniej","raz na miesiąc lub mniej","raz na miesiąc lub mniej","raz na miesiąc lub mniej","raz na miesiąc lub mniej","raz na miesiąc lub mniej","satysfakcjonujące","satysfakcjonujący","raczej się zgadzam","raczej się zgadzam","zgadzam się","raczej się zgadzam","trudno powiedzieć","zgadzam się","trudno powiedzieć","raczej się zgadzam","raczej się nie zgadzam","trudno powiedzieć","nie zgadzam się","trudno powiedzieć","trudno powiedzieć","raczej się zgadzam","raczej się nie zgadzam","nie zgadzam się","trudno powiedzieć","trudno powiedzieć","K","PO","30","Dwa razy","nie"
"2023/11/04 1:56:55 PM CET","Zgadzam się","Trudno powiedzieć","Zgadzam się","Nie zgadzam się","Niesatysfakcjonująca","Nie zgadzam się","Trudno powiedzieć","Zadowolony","Często","Raczej się nie zgadzam","raczej się nie zgadzam","raczej się nie zgadzam","zgadzam się","nie zgadzam się","niesatysfakcjonująca","raz na miesiąc lub mniej","raz na miesiąc lub mniej","raz na miesiąc lub mniej","raz na miesiąc lub mniej","raz na miesiąc lub mniej","1--2 razy w miesiącu","1--2 razy w tygodniu","1--2 razy w miesiącu","niesatysfakcjonujące","niesatysfakcjonujący","zgadzam się","nie zgadzam się","trudno powiedzieć","nie zgadzam się","nie zgadzam się","nie zgadzam się","zgadzam się","trudno powiedzieć","nie zgadzam się","nie zgadzam się","zgadzam się","zgadzam się","trudno powiedzieć","trudno powiedzieć","zdecydowanie się nie zgadzam","raczej się nie zgadzam","nie zgadzam się","nie zgadzam się","K","PO","5","Trzy i więcej","nie"
"2023/11/04 1:57:03 PM CET","Nie zgadzam się","Zdecydowanie się nie zgadzam","Zdecydowanie się nie zgadzam","Nie zgadzam się","Trudno powiedzieć","Trudno powiedzieć","Trudno powiedzieć","Zadowolony","Nigdy","Trudno powiedzieć","trudno powiedzieć","zgadzam się","zgadzam się","trudno powiedzieć","trudno powiedzieć","raz na miesiąc lub mniej","raz na miesiąc lub mniej","raz na miesiąc lub mniej","raz na miesiąc lub mniej","raz na miesiąc lub mniej","raz na miesiąc lub mniej","raz na miesiąc lub mniej","raz na miesiąc lub mniej","trudno powiedzieć","trudno powiedzieć","trudno powiedzieć","trudno powiedzieć","trudno powiedzieć","trudno powiedzieć","trudno powiedzieć","trudno powiedzieć","trudno powiedzieć","trudno powiedzieć","nie zgadzam się","nie zgadzam się","trudno powiedzieć","trudno powiedzieć","trudno powiedzieć","trudno powiedzieć","trudno powiedzieć","trudno powiedzieć","trudno powiedzieć","nie zgadzam się","K","PO","11","Dwa razy","nie"
"2023/11/04 1:58:10 PM CET","Nie zgadzam się","Nie zgadzam się","Nie zgadzam się","Zdecydowanie się nie zgadzam","Satysfakcjonująca","Zgadzam się","Zgadzam się","Zadowolony","Rzadko","Trudno powiedzieć","raczej się zgadzam","raczej się zgadzam","raczej się zgadzam","raczej się zgadzam","satysfakcjonująca","raz na miesiąc lub mniej","raz na miesiąc lub mniej","raz na miesiąc lub mniej","raz na miesiąc lub mniej","raz na miesiąc lub mniej","raz na miesiąc lub mniej","raz na miesiąc lub mniej","raz na miesiąc lub mniej","satysfakcjonujące","satysfakcjonujący","raczej się zgadzam","raczej się zgadzam","trudno powiedzieć","raczej się zgadzam","raczej się zgadzam","trudno powiedzieć","raczej się zgadzam","raczej się zgadzam","raczej się nie zgadzam","raczej się zgadzam","zdecydowanie się nie zgadzam","raczej się zgadzam","raczej się zgadzam","raczej się nie zgadzam","raczej się zgadzam","zdecydowanie się nie zgadzam","raczej się zgadzam","trudno powiedzieć","K","PO","18","Dwa razy","nie"
"2023/11/04 2:00:17 PM CET","Nie zgadzam się","Nie zgadzam się","Nie zgadzam się","Nie zgadzam się","Zdecydowanie niesatysfakcjonująca","Zgadzam się","Zgadzam się","Trudno powiedzieć","Rzadko","Raczej się nie zgadzam","raczej się zgadzam","raczej się zgadzam","trudno powiedzieć","raczej się zgadzam","zdecydowanie niesatysfakcjonująca","raz na miesiąc lub mniej","raz na miesiąc lub mniej","raz na miesiąc lub mniej","raz na miesiąc lub mniej","1--2 razy w miesiącu","raz na miesiąc lub mniej","1--2 razy w miesiącu","raz na miesiąc lub mniej","zdecydowanie niesatysfakcjonujące","niesatysfakcjonujący","raczej się zgadzam","raczej się nie zgadzam","trudno powiedzieć","raczej się nie zgadzam","raczej się nie zgadzam","raczej się zgadzam","trudno powiedzieć","raczej się nie zgadzam","raczej się nie zgadzam","raczej się nie zgadzam","trudno powiedzieć","raczej się nie zgadzam","trudno powiedzieć","raczej się nie zgadzam","trudno powiedzieć","trudno powiedzieć","raczej się nie zgadzam","raczej się nie zgadzam","K","PO","28","Raz","nie"
"2023/11/04 2:00:58 PM CET","Zdecydowanie się nie zgadzam","Zdecydowanie się nie zgadzam","Nie zgadzam się","Zdecydowanie się nie zgadzam","Satysfakcjonująca","Zgadzam się","Zgadzam się","Zadowolony","Rzadko","Raczej się zgadzam","trudno powiedzieć","raczej się zgadzam","raczej się zgadzam","trudno powiedzieć","trudno powiedzieć","raz na miesiąc lub mniej","raz na miesiąc lub mniej","raz na miesiąc lub mniej","raz na miesiąc lub mniej","raz na miesiąc lub mniej","raz na miesiąc lub mniej","raz na miesiąc lub mniej","raz na miesiąc lub mniej","trudno powiedzieć","trudno powiedzieć","nie zgadzam się","trudno powiedzieć","trudno powiedzieć","raczej się nie zgadzam","raczej się nie zgadzam","zgadzam się","raczej się nie zgadzam","trudno powiedzieć","raczej się nie zgadzam","nie zgadzam się","nie zgadzam się","raczej się nie zgadzam","trudno powiedzieć","raczej się nie zgadzam","trudno powiedzieć","nie zgadzam się","raczej się nie zgadzam","trudno powiedzieć","K","PO","26","Dwa razy","nie"
"2023/11/04 2:01:06 PM CET","Nie zgadzam się","Nie zgadzam się","Zgadzam się","Nie zgadzam się","Niesatysfakcjonująca","Zgadzam się","Zgadzam się","Zadowolony","Czasami","Raczej się nie zgadzam","nie zgadzam się","trudno powiedzieć","trudno powiedzieć","trudno powiedzieć","niesatysfakcjonująca","raz na miesiąc lub mniej","raz na miesiąc lub mniej","raz na miesiąc lub mniej","raz na miesiąc lub mniej","raz na miesiąc lub mniej","raz na miesiąc lub mniej","raz na miesiąc lub mniej","raz na miesiąc lub mniej","niesatysfakcjonujące","niesatysfakcjonujący","nie zgadzam się","trudno powiedzieć","raczej się nie zgadzam","nie zgadzam się","nie zgadzam się","zdecydowanie się nie zgadzam","zdecydowanie się nie zgadzam","nie zgadzam się","nie zgadzam się","raczej się nie zgadzam","trudno powiedzieć","raczej się nie zgadzam","raczej się nie zgadzam","raczej się nie zgadzam","raczej się nie zgadzam","trudno powiedzieć","trudno powiedzieć","raczej się nie zgadzam","K","PO","30","Trzy i więcej","nie"
"2023/11/04 2:04:09 PM CET","Trudno powiedzieć","Nie zgadzam się","Nie zgadzam się","Zdecydowanie się nie zgadzam","Satysfakcjonująca","Zgadzam się","Zgadzam się","Zadowolony","Rzadko","Trudno powiedzieć","raczej się zgadzam","raczej się zgadzam","raczej się nie zgadzam","trudno powiedzieć","satysfakcjonująca","raz na miesiąc lub mniej","raz na miesiąc lub mniej","raz na miesiąc lub mniej","raz na miesiąc lub mniej","1--2 razy w miesiącu","1--2 razy w miesiącu","1--2 razy w miesiącu","1--2 razy w miesiącu","satysfakcjonujące","satysfakcjonujący","raczej się nie zgadzam","raczej się nie zgadzam","raczej się zgadzam","raczej się nie zgadzam","raczej się nie zgadzam","raczej się nie zgadzam","raczej się nie zgadzam","raczej się nie zgadzam","raczej się nie zgadzam","raczej się nie zgadzam","raczej się nie zgadzam","raczej się nie zgadzam","raczej się nie zgadzam","raczej się nie zgadzam","raczej się nie zgadzam","raczej się nie zgadzam","raczej się nie zgadzam","trudno powiedzieć","K","PO","28","Dwa razy","nie"
"2023/11/04 2:08:12 PM CET","Zdecydowanie się zgadzam","Zgadzam się","Zgadzam się","Zdecydowanie się nie zgadzam","Niesatysfakcjonująca","Trudno powiedzieć","Zgadzam się","Trudno powiedzieć","Bardzo często","Raczej się zgadzam","raczej się zgadzam","trudno powiedzieć","zgadzam się","raczej się zgadzam","niesatysfakcjonująca","raz na miesiąc lub mniej","raz na miesiąc lub mniej","raz na miesiąc lub mniej","raz na miesiąc lub mniej","1--2 razy w miesiącu","raz na miesiąc lub mniej","1--2 razy w miesiącu","raz na miesiąc lub mniej","niesatysfakcjonujące","niesatysfakcjonujący","raczej się zgadzam","trudno powiedzieć","raczej się nie zgadzam","raczej się zgadzam","trudno powiedzieć","raczej się nie zgadzam","raczej się zgadzam","trudno powiedzieć","zdecydowanie się nie zgadzam","raczej się nie zgadzam","zdecydowanie się nie zgadzam","zdecydowanie się nie zgadzam","trudno powiedzieć","raczej się zgadzam","raczej się zgadzam","zdecydowanie się nie zgadzam","trudno powiedzieć","raczej się zgadzam","K","PO","29","Dwa razy","nie"
"2023/11/04 2:21:37 PM CET","Trudno powiedzieć","Trudno powiedzieć","Nie zgadzam się","Trudno powiedzieć","Zdecydowanie niesatysfakcjonująca","Trudno powiedzieć","Zgadzam się","Zadowolony","Czasami","Raczej się zgadzam","raczej się zgadzam","raczej się zgadzam","trudno powiedzieć","trudno powiedzieć","niesatysfakcjonująca","raz na miesiąc lub mniej","raz na miesiąc lub mniej","raz na miesiąc lub mniej","raz na miesiąc lub mniej","1--2 razy w miesiącu","raz na miesiąc lub mniej","1--2 razy w miesiącu","raz na miesiąc lub mniej","zdecydowanie niesatysfakcjonujące","zdecydowanie niesatysfakcjonujący","raczej się zgadzam","raczej się nie zgadzam","trudno powiedzieć","raczej się nie zgadzam","nie zgadzam się","trudno powiedzieć","raczej się nie zgadzam","nie zgadzam się","raczej się nie zgadzam","nie zgadzam się","raczej się zgadzam","raczej się nie zgadzam","raczej się nie zgadzam","nie zgadzam się","trudno powiedzieć","zgadzam się","nie zgadzam się","raczej się nie zgadzam","K","PO","28","Raz","nie"
"2023/11/04 7:36:50 PM CET","Zgadzam się","Zgadzam się","Zgadzam się","Zdecydowanie się nie zgadzam","Niesatysfakcjonująca","Nie zgadzam się","Nie zgadzam się","Niezadowolony","Często","Nie zgadzam się","raczej się nie zgadzam","nie zgadzam się","nie zgadzam się","nie zgadzam się","niesatysfakcjonująca","raz na miesiąc lub mniej","raz na miesiąc lub mniej","raz na miesiąc lub mniej","raz na miesiąc lub mniej","raz na miesiąc lub mniej","1--2 razy w miesiącu","1--2 razy w miesiącu","1--2 razy w miesiącu","niesatysfakcjonujące","niesatysfakcjonujący","nie zgadzam się","nie zgadzam się","trudno powiedzieć","nie zgadzam się","nie zgadzam się","nie zgadzam się","nie zgadzam się","nie zgadzam się","nie zgadzam się","nie zgadzam się","nie zgadzam się","raczej się nie zgadzam","raczej się zgadzam","trudno powiedzieć","nie zgadzam się","nie zgadzam się","nie zgadzam się","nie zgadzam się","K","PO","20","Nigdy","nie"
"2023/11/04 9:19:08 PM CET","Nie zgadzam się","Zdecydowanie się nie zgadzam","Zdecydowanie się nie zgadzam","Zdecydowanie się nie zgadzam","Trudno powiedzieć","Zgadzam się","Zgadzam się","Zadowolony","Rzadko","Raczej się zgadzam","raczej się zgadzam","zgadzam się","raczej się zgadzam","zgadzam się","satysfakcjonująca","raz na miesiąc lub mniej","raz na miesiąc lub mniej","raz na miesiąc lub mniej","raz na miesiąc lub mniej","raz na miesiąc lub mniej","raz na miesiąc lub mniej","raz na miesiąc lub mniej","raz na miesiąc lub mniej","satysfakcjonujące","satysfakcjonujący","trudno powiedzieć","trudno powiedzieć","trudno powiedzieć","trudno powiedzieć","nie zgadzam się","zgadzam się","nie zgadzam się","nie zgadzam się","nie zgadzam się","nie zgadzam się","nie zgadzam się","nie zgadzam się","raczej się nie zgadzam","raczej się nie zgadzam","raczej się zgadzam","nie zgadzam się","raczej się nie zgadzam","nie zgadzam się","K","PO","20","Trzy i więcej","nie"
"2023/11/05 2:53:47 PM CET","Trudno powiedzieć","Trudno powiedzieć","Nie zgadzam się","Nie zgadzam się","Niesatysfakcjonująca","Zgadzam się","Zgadzam się","Zadowolony","Czasami","Raczej się zgadzam","raczej się nie zgadzam","raczej się nie zgadzam","trudno powiedzieć","trudno powiedzieć","niesatysfakcjonująca","1--2 razy w tygodniu","raz na miesiąc lub mniej","raz na miesiąc lub mniej","raz na miesiąc lub mniej","1--2 razy w tygodniu","raz na miesiąc lub mniej","raz na miesiąc lub mniej","raz na miesiąc lub mniej","niesatysfakcjonujące","niesatysfakcjonujący","raczej się nie zgadzam","trudno powiedzieć","raczej się zgadzam","nie zgadzam się","trudno powiedzieć","raczej się zgadzam","trudno powiedzieć","raczej się nie zgadzam","raczej się nie zgadzam","zdecydowanie się nie zgadzam","nie zgadzam się","trudno powiedzieć","nie zgadzam się","trudno powiedzieć","raczej się zgadzam","raczej się nie zgadzam","trudno powiedzieć","trudno powiedzieć","K","PO","23","Dwa razy","tak"
"2023/11/13 3:18:28 PM CET","Nie zgadzam się","Nie zgadzam się","Nie zgadzam się","Trudno powiedzieć","Niesatysfakcjonująca","Trudno powiedzieć","Zgadzam się","Zadowolony","Czasami","Trudno powiedzieć","raczej się zgadzam","raczej się nie zgadzam","raczej się zgadzam","trudno powiedzieć","niesatysfakcjonująca","raz na miesiąc lub mniej","raz na miesiąc lub mniej","raz na miesiąc lub mniej","raz na miesiąc lub mniej","1--2 razy w miesiącu","raz na miesiąc lub mniej","1--2 razy w miesiącu","raz na miesiąc lub mniej","niesatysfakcjonujące","niesatysfakcjonujący","raczej się zgadzam","zgadzam się","zgadzam się","raczej się zgadzam","raczej się zgadzam","trudno powiedzieć","raczej się zgadzam","raczej się zgadzam","trudno powiedzieć","zgadzam się","trudno powiedzieć","raczej się zgadzam","raczej się zgadzam","trudno powiedzieć","trudno powiedzieć","trudno powiedzieć","raczej się zgadzam","trudno powiedzieć","K","PO","22","Trzy i więcej","nie"
"2023/12/01 8:52:04 AM CET","Zdecydowanie się nie zgadzam","Zdecydowanie się nie zgadzam","Zdecydowanie się nie zgadzam","Zdecydowanie się nie zgadzam","Niesatysfakcjonująca","Zdecydowanie się zgadzam","Zdecydowanie się zgadzam","Zadowolony","Rzadko","Zgadzam się","trudno powiedzieć","zgadzam się","zgadzam się","zdecydowanie się zgadzam","niesatysfakcjonująca","raz na miesiąc lub mniej","raz na miesiąc lub mniej","raz na miesiąc lub mniej","raz na miesiąc lub mniej","raz na miesiąc lub mniej","raz na miesiąc lub mniej","raz na miesiąc lub mniej","raz na miesiąc lub mniej","niesatysfakcjonujące","niesatysfakcjonujący","zgadzam się","trudno powiedzieć","trudno powiedzieć","raczej się zgadzam","trudno powiedzieć","raczej się zgadzam","trudno powiedzieć","raczej się nie zgadzam","nie zgadzam się","nie zgadzam się","zdecydowanie się nie zgadzam","raczej się nie zgadzam","trudno powiedzieć","nie zgadzam się","trudno powiedzieć","zdecydowanie się nie zgadzam","zdecydowanie się nie zgadzam","trudno powiedzieć","K","PO","30","Dwa razy","tak"
"2023/12/02 12:08:53 PM CET","Nie zgadzam się","Nie zgadzam się","Nie zgadzam się","Zdecydowanie się nie zgadzam","Niesatysfakcjonująca","Zgadzam się","Zgadzam się","Zadowolony","Rzadko","Trudno powiedzieć","raczej się zgadzam","zgadzam się","raczej się zgadzam","zgadzam się","niesatysfakcjonująca","raz na miesiąc lub mniej","raz na miesiąc lub mniej","raz na miesiąc lub mniej","raz na miesiąc lub mniej","raz na miesiąc lub mniej","raz na miesiąc lub mniej","raz na miesiąc lub mniej","raz na miesiąc lub mniej","niesatysfakcjonujące","niesatysfakcjonujący","zgadzam się","zgadzam się","zgadzam się","zgadzam się","raczej się zgadzam","zgadzam się","raczej się nie zgadzam","raczej się nie zgadzam","zgadzam się","zgadzam się","zdecydowanie się nie zgadzam","zgadzam się","zgadzam się","raczej się zgadzam","zgadzam się","zdecydowanie się nie zgadzam","raczej się zgadzam","zdecydowanie się nie zgadzam","K","PO","31","Trzy i więcej","nie"
"2023/12/02 4:39:07 PM CET","Zgadzam się","Trudno powiedzieć","Zgadzam się","Trudno powiedzieć","Trudno powiedzieć","Trudno powiedzieć","Nie zgadzam się","Niezadowolony","Czasami","Trudno powiedzieć","trudno powiedzieć","raczej się nie zgadzam","raczej się nie zgadzam","trudno powiedzieć","trudno powiedzieć","raz na miesiąc lub mniej","raz na miesiąc lub mniej","raz na miesiąc lub mniej","raz na miesiąc lub mniej","raz na miesiąc lub mniej","raz na miesiąc lub mniej","raz na miesiąc lub mniej","raz na miesiąc lub mniej","trudno powiedzieć","trudno powiedzieć","trudno powiedzieć","raczej się nie zgadzam","trudno powiedzieć","trudno powiedzieć","trudno powiedzieć","trudno powiedzieć","raczej się nie zgadzam","trudno powiedzieć","zdecydowanie się nie zgadzam","zdecydowanie się nie zgadzam","trudno powiedzieć","trudno powiedzieć","trudno powiedzieć","trudno powiedzieć","raczej się zgadzam","raczej się nie zgadzam","raczej się nie zgadzam","trudno powiedzieć","K","PO","23","Dwa razy","tak"
"2023/12/03 8:51:28 AM CET","Zdecydowanie się nie zgadzam","Zdecydowanie się nie zgadzam","Zdecydowanie się nie zgadzam","Zdecydowanie się nie zgadzam","Zdecydowanie satysfakcjonująca","Zdecydowanie się zgadzam","Zdecydowanie się zgadzam","Bardzo zadowolony","Nigdy","Zdecydowanie się zgadzam","zdecydowanie się zgadzam","zdecydowanie się zgadzam","zdecydowanie się zgadzam","zdecydowanie się zgadzam","zdecydowanie satysfakcjonująca","raz na miesiąc lub mniej","raz na miesiąc lub mniej","raz na miesiąc lub mniej","raz na miesiąc lub mniej","raz na miesiąc lub mniej","1--2 razy w tygodniu","raz na miesiąc lub mniej","raz na miesiąc lub mniej","zdecydowanie satysfakcjonujące","zdecydowanie satysfakcjonujący","zdecydowanie się nie zgadzam","zdecydowanie się nie zgadzam","zdecydowanie się nie zgadzam","zdecydowanie się zgadzam","zdecydowanie się nie zgadzam","zdecydowanie się zgadzam","nie zgadzam się","zdecydowanie się nie zgadzam","zdecydowanie się nie zgadzam","zdecydowanie się nie zgadzam","zdecydowanie się nie zgadzam","zdecydowanie się nie zgadzam","raczej się zgadzam","zdecydowanie się nie zgadzam","trudno powiedzieć","zdecydowanie się nie zgadzam","zdecydowanie się nie zgadzam","zdecydowanie się nie zgadzam","K","PO","1","Nigdy","nie"
"2023/12/03 8:52:03 AM CET","Trudno powiedzieć","Nie zgadzam się","Nie zgadzam się","Trudno powiedzieć","Niesatysfakcjonująca","Zgadzam się","Zgadzam się","Zadowolony","Rzadko","Raczej się nie zgadzam","nie zgadzam się","raczej się zgadzam","raczej się zgadzam","raczej się zgadzam","niesatysfakcjonująca","raz na miesiąc lub mniej","raz na miesiąc lub mniej","raz na miesiąc lub mniej","raz na miesiąc lub mniej","1--2 razy w miesiącu","raz na miesiąc lub mniej","raz na miesiąc lub mniej","raz na miesiąc lub mniej","niesatysfakcjonujące","niesatysfakcjonujący","raczej się nie zgadzam","raczej się nie zgadzam","raczej się nie zgadzam","trudno powiedzieć","raczej się zgadzam","trudno powiedzieć","trudno powiedzieć","trudno powiedzieć","trudno powiedzieć","trudno powiedzieć","raczej się nie zgadzam","raczej się nie zgadzam","raczej się nie zgadzam","nie zgadzam się","raczej się nie zgadzam","nie zgadzam się","nie zgadzam się","nie zgadzam się","K","PO","20","Trzy i więcej","nie"
"2023/12/03 8:54:34 AM CET","Zgadzam się","Zgadzam się","Zgadzam się","Nie zgadzam się","Satysfakcjonująca","Zgadzam się","Zgadzam się","Zadowolony","Czasami","Zgadzam się","raczej się nie zgadzam","zgadzam się","raczej się nie zgadzam","zgadzam się","satysfakcjonująca","raz na miesiąc lub mniej","raz na miesiąc lub mniej","raz na miesiąc lub mniej","raz na miesiąc lub mniej","raz na miesiąc lub mniej","raz na miesiąc lub mniej","raz na miesiąc lub mniej","raz na miesiąc lub mniej","satysfakcjonujące","satysfakcjonujący","zdecydowanie się zgadzam","trudno powiedzieć","trudno powiedzieć","zgadzam się","trudno powiedzieć","trudno powiedzieć","zgadzam się","zgadzam się","zgadzam się","raczej się nie zgadzam","raczej się nie zgadzam","raczej się nie zgadzam","raczej się nie zgadzam","trudno powiedzieć","zgadzam się","raczej się nie zgadzam","raczej się nie zgadzam","raczej się zgadzam","K","PO","18","Nigdy","tak"
"2023/12/03 8:54:37 AM CET","Zdecydowanie się nie zgadzam","Zdecydowanie się nie zgadzam","Zdecydowanie się nie zgadzam","Zdecydowanie się nie zgadzam","Satysfakcjonująca","Zdecydowanie się zgadzam","Zdecydowanie się zgadzam","Zadowolony","Nigdy","Raczej się zgadzam","raczej się zgadzam","zgadzam się","zgadzam się","zgadzam się","satysfakcjonująca","raz na miesiąc lub mniej","raz na miesiąc lub mniej","raz na miesiąc lub mniej","raz na miesiąc lub mniej","raz na miesiąc lub mniej","raz na miesiąc lub mniej","raz na miesiąc lub mniej","raz na miesiąc lub mniej","satysfakcjonujące","satysfakcjonujący","zgadzam się","zgadzam się","zgadzam się","zgadzam się","raczej się zgadzam","raczej się zgadzam","raczej się zgadzam","raczej się zgadzam","trudno powiedzieć","zgadzam się","raczej się nie zgadzam","raczej się zgadzam","zgadzam się","nie zgadzam się","zgadzam się","zdecydowanie się nie zgadzam","raczej się zgadzam","raczej się zgadzam","K","PO","15","Trzy i więcej","tak"
"2023/12/03 8:55:44 AM CET","Nie zgadzam się","Nie zgadzam się","Nie zgadzam się","Nie zgadzam się","Niesatysfakcjonująca","Zgadzam się","Zgadzam się","Zadowolony","Czasami","Raczej się zgadzam","raczej się zgadzam","raczej się zgadzam","raczej się zgadzam","raczej się zgadzam","niesatysfakcjonująca","raz na miesiąc lub mniej","raz na miesiąc lub mniej","raz na miesiąc lub mniej","raz na miesiąc lub mniej","raz na miesiąc lub mniej","raz na miesiąc lub mniej","raz na miesiąc lub mniej","raz na miesiąc lub mniej","niesatysfakcjonujące","niesatysfakcjonujący","trudno powiedzieć","raczej się nie zgadzam","raczej się nie zgadzam","zgadzam się","trudno powiedzieć","zgadzam się","zgadzam się","raczej się nie zgadzam","nie zgadzam się","raczej się nie zgadzam","zdecydowanie się nie zgadzam","nie zgadzam się","raczej się zgadzam","raczej się nie zgadzam","raczej się zgadzam","zdecydowanie się nie zgadzam","raczej się nie zgadzam","nie zgadzam się","K","PO","30","Trzy i więcej","tak"
"2023/12/03 7:48:04 PM CET","Zgadzam się","Zgadzam się","Zgadzam się","Nie zgadzam się","Satysfakcjonująca","Trudno powiedzieć","Trudno powiedzieć","Trudno powiedzieć","Czasami","Trudno powiedzieć","raczej się nie zgadzam","raczej się nie zgadzam","raczej się nie zgadzam","trudno powiedzieć","satysfakcjonująca","raz na miesiąc lub mniej","raz na miesiąc lub mniej","raz na miesiąc lub mniej","raz na miesiąc lub mniej","raz na miesiąc lub mniej","1--2 razy w tygodniu","raz na miesiąc lub mniej","raz na miesiąc lub mniej","satysfakcjonujące","satysfakcjonujący","trudno powiedzieć","zdecydowanie się nie zgadzam","zdecydowanie się nie zgadzam","raczej się nie zgadzam","zdecydowanie się nie zgadzam","zdecydowanie się nie zgadzam","raczej się nie zgadzam","nie zgadzam się","raczej się nie zgadzam","raczej się nie zgadzam","trudno powiedzieć","raczej się nie zgadzam","raczej się nie zgadzam","zgadzam się","nie zgadzam się","zdecydowanie się nie zgadzam","raczej się nie zgadzam","raczej się nie zgadzam","K","PO","30","Raz","tak"
"2023/12/10 9:24:49 AM CET","Nie zgadzam się","Nie zgadzam się","Nie zgadzam się","Nie zgadzam się","Satysfakcjonująca","Zgadzam się","Zgadzam się","Zadowolony","Rzadko","Zgadzam się","trudno powiedzieć","zgadzam się","zgadzam się","zgadzam się","satysfakcjonująca","raz na miesiąc lub mniej","raz na miesiąc lub mniej","raz na miesiąc lub mniej","raz na miesiąc lub mniej","raz na miesiąc lub mniej","raz na miesiąc lub mniej","raz na miesiąc lub mniej","raz na miesiąc lub mniej","satysfakcjonujące","satysfakcjonujący","raczej się nie zgadzam","raczej się nie zgadzam","raczej się nie zgadzam","raczej się zgadzam","raczej się zgadzam","trudno powiedzieć","trudno powiedzieć","trudno powiedzieć","trudno powiedzieć","trudno powiedzieć","nie zgadzam się","raczej się nie zgadzam","raczej się nie zgadzam","nie zgadzam się","trudno powiedzieć","raczej się nie zgadzam","raczej się nie zgadzam","trudno powiedzieć","K","PO","6","Nigdy","nie"
"2023/12/10 9:28:30 AM CET","Zgadzam się","Nie zgadzam się","Trudno powiedzieć","Nie zgadzam się","Satysfakcjonująca","Trudno powiedzieć","Zgadzam się","Trudno powiedzieć","Czasami","Trudno powiedzieć","raczej się zgadzam","raczej się zgadzam","raczej się zgadzam","zgadzam się","satysfakcjonująca","raz na miesiąc lub mniej","raz na miesiąc lub mniej","1--2 razy w miesiącu","raz na miesiąc lub mniej","1--2 razy w miesiącu","raz na miesiąc lub mniej","raz na miesiąc lub mniej","raz na miesiąc lub mniej","satysfakcjonujące","satysfakcjonujący","zgadzam się","raczej się zgadzam","zgadzam się","nie zgadzam się","zgadzam się","zgadzam się","trudno powiedzieć","zgadzam się","nie zgadzam się","zgadzam się","nie zgadzam się","zdecydowanie się zgadzam","raczej się zgadzam","raczej się zgadzam","zgadzam się","zdecydowanie się nie zgadzam","zgadzam się","zdecydowanie się zgadzam","K","PO","26","Nigdy","nie"
"2023/12/10 9:43:18 AM CET","Trudno powiedzieć","Trudno powiedzieć","Trudno powiedzieć","Zdecydowanie się nie zgadzam","Zdecydowanie niesatysfakcjonująca","Zgadzam się","Zgadzam się","Zadowolony","Często","Raczej się nie zgadzam","nie zgadzam się","nie zgadzam się","trudno powiedzieć","zgadzam się","niesatysfakcjonująca","raz na miesiąc lub mniej","raz na miesiąc lub mniej","raz na miesiąc lub mniej","raz na miesiąc lub mniej","1--2 razy w tygodniu","wiele razy dziennie","1--2 razy w miesiącu","1--2 razy w miesiącu","niesatysfakcjonujące","niesatysfakcjonujący","raczej się nie zgadzam","nie zgadzam się","trudno powiedzieć","trudno powiedzieć","raczej się zgadzam","raczej się zgadzam","trudno powiedzieć","trudno powiedzieć","nie zgadzam się","raczej się nie zgadzam","trudno powiedzieć","trudno powiedzieć","nie zgadzam się","trudno powiedzieć","nie zgadzam się","trudno powiedzieć","raczej się nie zgadzam","raczej się nie zgadzam","K","PO","24","Nigdy","nie"
"2023/12/10 10:18:01 AM CET","Nie zgadzam się","Nie zgadzam się","Nie zgadzam się","Nie zgadzam się","Zdecydowanie niesatysfakcjonująca","Zgadzam się","Zgadzam się","Zadowolony","Czasami","Trudno powiedzieć","raczej się nie zgadzam","raczej się zgadzam","trudno powiedzieć","zgadzam się","zdecydowanie niesatysfakcjonująca","raz na miesiąc lub mniej","raz na miesiąc lub mniej","1--2 razy w miesiącu","raz na miesiąc lub mniej","1--2 razy w miesiącu","raz na miesiąc lub mniej","1--2 razy w miesiącu","raz na miesiąc lub mniej","zdecydowanie niesatysfakcjonujące","zdecydowanie niesatysfakcjonujący","raczej się nie zgadzam","raczej się nie zgadzam","raczej się zgadzam","raczej się nie zgadzam","raczej się nie zgadzam","raczej się zgadzam","trudno powiedzieć","trudno powiedzieć","raczej się nie zgadzam","raczej się nie zgadzam","raczej się nie zgadzam","nie zgadzam się","raczej się zgadzam","raczej się nie zgadzam","raczej się zgadzam","nie zgadzam się","raczej się nie zgadzam","trudno powiedzieć","K","RM","20","Dwa razy","nie"
"2023/12/10 10:18:06 AM CET","Trudno powiedzieć","Nie zgadzam się","Nie zgadzam się","Zgadzam się","Satysfakcjonująca","Trudno powiedzieć","Zgadzam się","Trudno powiedzieć","Czasami","Raczej się nie zgadzam","trudno powiedzieć","raczej się nie zgadzam","raczej się nie zgadzam","nie zgadzam się","niesatysfakcjonująca","1--2 razy w miesiącu","raz na miesiąc lub mniej","raz na miesiąc lub mniej","raz na miesiąc lub mniej","raz na miesiąc lub mniej","raz na miesiąc lub mniej","raz na miesiąc lub mniej","raz na miesiąc lub mniej","zdecydowanie niesatysfakcjonujące","niesatysfakcjonujący","trudno powiedzieć","zdecydowanie się nie zgadzam","zdecydowanie się nie zgadzam","zdecydowanie się nie zgadzam","zdecydowanie się nie zgadzam","zdecydowanie się zgadzam","nie zgadzam się","zdecydowanie się nie zgadzam","zdecydowanie się nie zgadzam","zdecydowanie się nie zgadzam","zdecydowanie się nie zgadzam","zdecydowanie się nie zgadzam","nie zgadzam się","zdecydowanie się nie zgadzam","zgadzam się","zdecydowanie się nie zgadzam","zdecydowanie się nie zgadzam","nie zgadzam się","M","PO","5","Trzy i więcej","nie"
"2023/12/10 10:18:16 AM CET","Nie zgadzam się","Zdecydowanie się nie zgadzam","Zdecydowanie się nie zgadzam","Zdecydowanie się nie zgadzam","Satysfakcjonująca","Zdecydowanie się zgadzam","Zdecydowanie się zgadzam","Zadowolony","Rzadko","Zgadzam się","zgadzam się","zgadzam się","zgadzam się","zgadzam się","satysfakcjonująca","raz na miesiąc lub mniej","raz na miesiąc lub mniej","1--2 razy w miesiącu","1--2 razy w miesiącu","1--2 razy w miesiącu","1--2 razy w miesiącu","raz na miesiąc lub mniej","raz na miesiąc lub mniej","satysfakcjonujące","satysfakcjonujący","trudno powiedzieć","zdecydowanie się nie zgadzam","zdecydowanie się nie zgadzam","zgadzam się","zdecydowanie się nie zgadzam","zdecydowanie się zgadzam","trudno powiedzieć","zdecydowanie się nie zgadzam","trudno powiedzieć","zdecydowanie się nie zgadzam","zdecydowanie się nie zgadzam","raczej się zgadzam","zdecydowanie się nie zgadzam","zdecydowanie się nie zgadzam","raczej się zgadzam","zdecydowanie się nie zgadzam","zdecydowanie się nie zgadzam","trudno powiedzieć","K","PO","26","Raz","nie"
"2023/12/10 10:18:24 AM CET","Zdecydowanie się nie zgadzam","Zdecydowanie się nie zgadzam","Nie zgadzam się","Nie zgadzam się","Trudno powiedzieć","Zgadzam się","Zgadzam się","Zadowolony","Nigdy","Raczej się nie zgadzam","raczej się nie zgadzam","raczej się zgadzam","trudno powiedzieć","trudno powiedzieć","trudno powiedzieć","raz na miesiąc lub mniej","raz na miesiąc lub mniej","raz na miesiąc lub mniej","raz na miesiąc lub mniej","raz na miesiąc lub mniej","raz na miesiąc lub mniej","raz na miesiąc lub mniej","raz na miesiąc lub mniej","trudno powiedzieć","trudno powiedzieć","raczej się zgadzam","nie zgadzam się","trudno powiedzieć","trudno powiedzieć","trudno powiedzieć","raczej się zgadzam","trudno powiedzieć","raczej się nie zgadzam","trudno powiedzieć","raczej się nie zgadzam","trudno powiedzieć","trudno powiedzieć","raczej się nie zgadzam","trudno powiedzieć","trudno powiedzieć","raczej się nie zgadzam","trudno powiedzieć","trudno powiedzieć","K","PO","25","Nigdy","tak"
"2023/12/10 10:18:38 AM CET","Zdecydowanie się nie zgadzam","Zdecydowanie się nie zgadzam","Zdecydowanie się nie zgadzam","Zdecydowanie się nie zgadzam","Satysfakcjonująca","Zgadzam się","Zgadzam się","Zadowolony","Czasami","Trudno powiedzieć","zgadzam się","zgadzam się","zgadzam się","zdecydowanie się zgadzam","satysfakcjonująca","raz na miesiąc lub mniej","raz na miesiąc lub mniej","raz na miesiąc lub mniej","raz na miesiąc lub mniej","raz na miesiąc lub mniej","raz na miesiąc lub mniej","raz na miesiąc lub mniej","raz na miesiąc lub mniej","trudno powiedzieć","zdecydowanie satysfakcjonujący","trudno powiedzieć","trudno powiedzieć","nie zgadzam się","trudno powiedzieć","trudno powiedzieć","zgadzam się","trudno powiedzieć","trudno powiedzieć","nie zgadzam się","nie zgadzam się","nie zgadzam się","zgadzam się","zgadzam się","nie zgadzam się","nie zgadzam się","zdecydowanie się nie zgadzam","zgadzam się","nie zgadzam się","K","RM","36","Trzy i więcej","nie"
"2023/12/10 10:20:02 AM CET","Zgadzam się","Zgadzam się","Zgadzam się","Zdecydowanie się nie zgadzam","Niesatysfakcjonująca","Trudno powiedzieć","Zdecydowanie się zgadzam","Zadowolony","Czasami","Raczej się nie zgadzam","trudno powiedzieć","raczej się nie zgadzam","nie zgadzam się","trudno powiedzieć","niesatysfakcjonująca","raz na miesiąc lub mniej","raz na miesiąc lub mniej","raz na miesiąc lub mniej","raz na miesiąc lub mniej","raz na miesiąc lub mniej","raz na miesiąc lub mniej","raz na miesiąc lub mniej","raz na miesiąc lub mniej","zdecydowanie niesatysfakcjonujące","zdecydowanie niesatysfakcjonujący","raczej się zgadzam","trudno powiedzieć","trudno powiedzieć","raczej się nie zgadzam","raczej się nie zgadzam","raczej się nie zgadzam","zdecydowanie się nie zgadzam","raczej się zgadzam","raczej się zgadzam","raczej się nie zgadzam","trudno powiedzieć","raczej się zgadzam","raczej się nie zgadzam","zdecydowanie się nie zgadzam","raczej się zgadzam","trudno powiedzieć","raczej się nie zgadzam","zdecydowanie się zgadzam","K","PO","26","Nigdy","nie"
"2023/12/10 10:20:11 AM CET","Nie zgadzam się","Nie zgadzam się","Zgadzam się","Nie zgadzam się","Trudno powiedzieć","Zgadzam się","Zgadzam się","Zadowolony","Czasami","Trudno powiedzieć","raczej się nie zgadzam","raczej się zgadzam","raczej się zgadzam","zgadzam się","trudno powiedzieć","1--2 razy w miesiącu","raz na miesiąc lub mniej","1--2 razy w miesiącu","1--2 razy w tygodniu","raz na miesiąc lub mniej","1--2 razy dziennie","1--2 razy w miesiącu","1--2 razy dziennie","trudno powiedzieć","satysfakcjonujący","raczej się zgadzam","raczej się nie zgadzam","raczej się nie zgadzam","raczej się nie zgadzam","nie zgadzam się","nie zgadzam się","raczej się nie zgadzam","nie zgadzam się","nie zgadzam się","nie zgadzam się","raczej się nie zgadzam","raczej się nie zgadzam","raczej się nie zgadzam","raczej się nie zgadzam","raczej się nie zgadzam","zdecydowanie się nie zgadzam","zdecydowanie się nie zgadzam","zdecydowanie się nie zgadzam","M","PO","1","Raz","tak"
"2023/12/10 10:20:22 AM CET","Zdecydowanie się nie zgadzam","Zdecydowanie się nie zgadzam","Zdecydowanie się nie zgadzam","Zdecydowanie się nie zgadzam","Zdecydowanie niesatysfakcjonująca","Zgadzam się","Zgadzam się","Zadowolony","Nigdy","Trudno powiedzieć","trudno powiedzieć","zgadzam się","zgadzam się","zgadzam się","zdecydowanie niesatysfakcjonująca","raz na miesiąc lub mniej","raz na miesiąc lub mniej","raz na miesiąc lub mniej","raz na miesiąc lub mniej","1--2 razy w miesiącu","raz na miesiąc lub mniej","1--2 razy w miesiącu","raz na miesiąc lub mniej","niesatysfakcjonujące","niesatysfakcjonujący","zgadzam się","zgadzam się","zdecydowanie się nie zgadzam","zgadzam się","zgadzam się","zgadzam się","trudno powiedzieć","zgadzam się","raczej się zgadzam","trudno powiedzieć","raczej się zgadzam","trudno powiedzieć","zgadzam się","zgadzam się","zgadzam się","raczej się zgadzam","zgadzam się","zgadzam się","K","PO","30","Trzy i więcej","tak"
"2023/12/10 10:20:38 AM CET","Zdecydowanie się nie zgadzam","Zdecydowanie się nie zgadzam","Zdecydowanie się nie zgadzam","Zdecydowanie się nie zgadzam","Zdecydowanie niesatysfakcjonująca","Zgadzam się","Trudno powiedzieć","Trudno powiedzieć","Rzadko","Zdecydowanie się nie zgadzam","zdecydowanie się nie zgadzam","zdecydowanie się nie zgadzam","trudno powiedzieć","zgadzam się","zdecydowanie niesatysfakcjonująca","raz na miesiąc lub mniej","raz na miesiąc lub mniej","raz na miesiąc lub mniej","raz na miesiąc lub mniej","1--2 razy w miesiącu","raz na miesiąc lub mniej","raz na miesiąc lub mniej","raz na miesiąc lub mniej","zdecydowanie niesatysfakcjonujące","zdecydowanie niesatysfakcjonujący","trudno powiedzieć","trudno powiedzieć","trudno powiedzieć","nie zgadzam się","trudno powiedzieć","trudno powiedzieć","trudno powiedzieć","trudno powiedzieć","trudno powiedzieć","raczej się zgadzam","trudno powiedzieć","trudno powiedzieć","trudno powiedzieć","raczej się nie zgadzam","trudno powiedzieć","trudno powiedzieć","raczej się zgadzam","trudno powiedzieć","K","RM","35","Nigdy","nie"
"2023/12/10 10:22:46 AM CET","Trudno powiedzieć","Trudno powiedzieć","Zgadzam się","Trudno powiedzieć","Satysfakcjonująca","Trudno powiedzieć","Zgadzam się","Zadowolony","Czasami","Zdecydowanie się zgadzam","trudno powiedzieć","trudno powiedzieć","trudno powiedzieć","trudno powiedzieć","satysfakcjonująca","raz na miesiąc lub mniej","raz na miesiąc lub mniej","raz na miesiąc lub mniej","raz na miesiąc lub mniej","1--2 razy w miesiącu","wiele razy dziennie","raz na miesiąc lub mniej","raz na miesiąc lub mniej","satysfakcjonujące","satysfakcjonujący","trudno powiedzieć","raczej się zgadzam","raczej się zgadzam","raczej się zgadzam","raczej się zgadzam","raczej się nie zgadzam","trudno powiedzieć","raczej się zgadzam","trudno powiedzieć","zdecydowanie się nie zgadzam","trudno powiedzieć","trudno powiedzieć","zgadzam się","raczej się zgadzam","nie zgadzam się","trudno powiedzieć","trudno powiedzieć","raczej się zgadzam","K","PO","26","Nigdy","nie"
"2023/12/10 10:23:57 AM CET","Nie zgadzam się","Nie zgadzam się","Nie zgadzam się","Nie zgadzam się","Niesatysfakcjonująca","Trudno powiedzieć","Zgadzam się","Trudno powiedzieć","Czasami","Trudno powiedzieć","raczej się nie zgadzam","raczej się zgadzam","trudno powiedzieć","zgadzam się","niesatysfakcjonująca","raz na miesiąc lub mniej","raz na miesiąc lub mniej","raz na miesiąc lub mniej","raz na miesiąc lub mniej","raz na miesiąc lub mniej","1--2 razy w miesiącu","raz na miesiąc lub mniej","raz na miesiąc lub mniej","niesatysfakcjonujące","niesatysfakcjonujący","raczej się nie zgadzam","nie zgadzam się","zgadzam się","zgadzam się","trudno powiedzieć","zdecydowanie się zgadzam","trudno powiedzieć","nie zgadzam się","zdecydowanie się nie zgadzam","zdecydowanie się nie zgadzam","zdecydowanie się zgadzam","raczej się zgadzam","nie zgadzam się","raczej się zgadzam","nie zgadzam się","trudno powiedzieć","nie zgadzam się","nie zgadzam się","K","RM","35","Nigdy","nie"
"2023/12/10 10:25:53 AM CET","Trudno powiedzieć","Nie zgadzam się","Nie zgadzam się","Nie zgadzam się","Satysfakcjonująca","Zgadzam się","Zgadzam się","Zadowolony","Czasami","Raczej się nie zgadzam","raczej się zgadzam","raczej się zgadzam","raczej się zgadzam","zgadzam się","satysfakcjonująca","raz na miesiąc lub mniej","raz na miesiąc lub mniej","raz na miesiąc lub mniej","raz na miesiąc lub mniej","raz na miesiąc lub mniej","raz na miesiąc lub mniej","1--2 razy w miesiącu","1--2 razy w miesiącu","satysfakcjonujące","satysfakcjonujący","trudno powiedzieć","zdecydowanie się nie zgadzam","zdecydowanie się nie zgadzam","trudno powiedzieć","nie zgadzam się","trudno powiedzieć","raczej się nie zgadzam","raczej się nie zgadzam","trudno powiedzieć","raczej się nie zgadzam","trudno powiedzieć","trudno powiedzieć","trudno powiedzieć","zgadzam się","trudno powiedzieć","zgadzam się","raczej się nie zgadzam","raczej się nie zgadzam","K","PO","25","Nigdy","nie"
"2023/12/10 10:30:06 AM CET","Nie zgadzam się","Nie zgadzam się","Nie zgadzam się","Nie zgadzam się","Niesatysfakcjonująca","Zgadzam się","Zgadzam się","Zadowolony","Rzadko","Trudno powiedzieć","trudno powiedzieć","raczej się zgadzam","raczej się zgadzam","zgadzam się","niesatysfakcjonująca","raz na miesiąc lub mniej","raz na miesiąc lub mniej","raz na miesiąc lub mniej","raz na miesiąc lub mniej","raz na miesiąc lub mniej","raz na miesiąc lub mniej","wiele razy dziennie","1--2 razy w miesiącu","niesatysfakcjonujące","niesatysfakcjonujący","trudno powiedzieć","trudno powiedzieć","trudno powiedzieć","raczej się zgadzam","trudno powiedzieć","trudno powiedzieć","trudno powiedzieć","trudno powiedzieć","raczej się nie zgadzam","raczej się zgadzam","raczej się nie zgadzam","raczej się zgadzam","raczej się zgadzam","raczej się nie zgadzam","trudno powiedzieć","raczej się nie zgadzam","trudno powiedzieć","trudno powiedzieć","K","PO","22","Nigdy","nie"
"2023/12/10 10:57:40 AM CET","Zdecydowanie się nie zgadzam","Nie zgadzam się","Nie zgadzam się","Zdecydowanie się nie zgadzam","Trudno powiedzieć","Zgadzam się","Zdecydowanie się zgadzam","Bardzo zadowolony","Rzadko","Raczej się zgadzam","raczej się zgadzam","raczej się zgadzam","raczej się zgadzam","raczej się zgadzam","trudno powiedzieć","raz na miesiąc lub mniej","raz na miesiąc lub mniej","raz na miesiąc lub mniej","raz na miesiąc lub mniej","raz na miesiąc lub mniej","raz na miesiąc lub mniej","raz na miesiąc lub mniej","raz na miesiąc lub mniej","trudno powiedzieć","trudno powiedzieć","raczej się nie zgadzam","nie zgadzam się","nie zgadzam się","raczej się zgadzam","nie zgadzam się","zgadzam się","nie zgadzam się","nie zgadzam się","nie zgadzam się","raczej się nie zgadzam","nie zgadzam się","trudno powiedzieć","trudno powiedzieć","nie zgadzam się","raczej się zgadzam","nie zgadzam się","nie zgadzam się","nie zgadzam się","K","PO","25","Trzy i więcej","nie"
"2023/12/10 11:07:16 AM CET","Zgadzam się","Zgadzam się","Zgadzam się","Nie zgadzam się","Zdecydowanie niesatysfakcjonująca","Zgadzam się","Trudno powiedzieć","Trudno powiedzieć","Często","Trudno powiedzieć","trudno powiedzieć","trudno powiedzieć","trudno powiedzieć","trudno powiedzieć","zdecydowanie niesatysfakcjonująca","1--2 razy w miesiącu","raz na miesiąc lub mniej","1--2 razy w tygodniu","raz na miesiąc lub mniej","1--2 razy w miesiącu","raz na miesiąc lub mniej","1--2 razy w miesiącu","raz na miesiąc lub mniej","zdecydowanie niesatysfakcjonujące","zdecydowanie niesatysfakcjonujący","nie zgadzam się","nie zgadzam się","trudno powiedzieć","raczej się nie zgadzam","nie zgadzam się","raczej się nie zgadzam","zdecydowanie się nie zgadzam","nie zgadzam się","nie zgadzam się","nie zgadzam się","raczej się zgadzam","trudno powiedzieć","raczej się nie zgadzam","trudno powiedzieć","trudno powiedzieć","raczej się zgadzam","nie zgadzam się","zgadzam się","K","PO","32","Trzy i więcej","nie"
"2023/12/10 3:42:20 PM CET","Zdecydowanie się zgadzam","Zdecydowanie się zgadzam","Zdecydowanie się zgadzam","Zdecydowanie się nie zgadzam","Niesatysfakcjonująca","Trudno powiedzieć","Zdecydowanie się nie zgadzam","Niezadowolony","Bardzo często","Nie zgadzam się","trudno powiedzieć","nie zgadzam się","zgadzam się","zgadzam się","niesatysfakcjonująca","raz na miesiąc lub mniej","1--2 razy w miesiącu","1--2 razy w tygodniu","1--2 razy w tygodniu","1--2 razy w miesiącu","wiele razy dziennie","1--2 razy w miesiącu","1--2 razy dziennie","niesatysfakcjonujące","niesatysfakcjonujący","nie zgadzam się","zdecydowanie się nie zgadzam","zdecydowanie się nie zgadzam","nie zgadzam się","zdecydowanie się zgadzam","trudno powiedzieć","zdecydowanie się nie zgadzam","zdecydowanie się nie zgadzam","nie zgadzam się","nie zgadzam się","zdecydowanie się nie zgadzam","raczej się nie zgadzam","zdecydowanie się nie zgadzam","zdecydowanie się nie zgadzam","raczej się zgadzam","zdecydowanie się nie zgadzam","zdecydowanie się nie zgadzam","trudno powiedzieć","K","PO","33","Raz","nie"
"2023/12/10 3:42:25 PM CET","Nie zgadzam się","Nie zgadzam się","Nie zgadzam się","Zdecydowanie się nie zgadzam","Niesatysfakcjonująca","Zgadzam się","Zgadzam się","Zadowolony","Czasami","Raczej się zgadzam","zgadzam się","zgadzam się","zgadzam się","zgadzam się","satysfakcjonująca","raz na miesiąc lub mniej","raz na miesiąc lub mniej","raz na miesiąc lub mniej","raz na miesiąc lub mniej","raz na miesiąc lub mniej","raz na miesiąc lub mniej","raz na miesiąc lub mniej","raz na miesiąc lub mniej","satysfakcjonujące","satysfakcjonujący","zgadzam się","raczej się zgadzam","nie zgadzam się","raczej się nie zgadzam","nie zgadzam się","trudno powiedzieć","trudno powiedzieć","trudno powiedzieć","raczej się nie zgadzam","raczej się nie zgadzam","nie zgadzam się","raczej się nie zgadzam","raczej się zgadzam","raczej się nie zgadzam","nie zgadzam się","nie zgadzam się","nie zgadzam się","zdecydowanie się nie zgadzam","K","PO","23","Trzy i więcej","nie"
"2023/12/10 3:42:53 PM CET","Nie zgadzam się","Nie zgadzam się","Nie zgadzam się","Nie zgadzam się","Satysfakcjonująca","Zgadzam się","Zgadzam się","Bardzo zadowolony","Nigdy","Zgadzam się","zgadzam się","zgadzam się","zgadzam się","zgadzam się","satysfakcjonująca","raz na miesiąc lub mniej","raz na miesiąc lub mniej","raz na miesiąc lub mniej","raz na miesiąc lub mniej","1--2 razy w miesiącu","raz na miesiąc lub mniej","raz na miesiąc lub mniej","raz na miesiąc lub mniej","satysfakcjonujące","satysfakcjonujący","zgadzam się","raczej się nie zgadzam","zgadzam się","zgadzam się","zgadzam się","zgadzam się","zgadzam się","zgadzam się","zgadzam się","zgadzam się","zgadzam się","zgadzam się","zgadzam się","zgadzam się","zgadzam się","nie zgadzam się","zgadzam się","zgadzam się","K","PO","26","Dwa razy","tak"
"2023/12/10 3:43:45 PM CET","Zdecydowanie się nie zgadzam","Nie zgadzam się","Zdecydowanie się nie zgadzam","Zdecydowanie się nie zgadzam","Satysfakcjonująca","Zdecydowanie się zgadzam","Zdecydowanie się zgadzam","Bardzo zadowolony","Nigdy","Raczej się zgadzam","raczej się zgadzam","zgadzam się","zgadzam się","zgadzam się","satysfakcjonująca","raz na miesiąc lub mniej","raz na miesiąc lub mniej","raz na miesiąc lub mniej","raz na miesiąc lub mniej","raz na miesiąc lub mniej","raz na miesiąc lub mniej","raz na miesiąc lub mniej","raz na miesiąc lub mniej","satysfakcjonujące","satysfakcjonujący","zgadzam się","zgadzam się","zgadzam się","zgadzam się","zdecydowanie się zgadzam","zgadzam się","zgadzam się","zgadzam się","raczej się zgadzam","zgadzam się","trudno powiedzieć","zgadzam się","zgadzam się","zgadzam się","zdecydowanie się zgadzam","zgadzam się","zgadzam się","trudno powiedzieć","K","PO","28","Trzy i więcej","nie"
"2023/12/10 3:43:56 PM CET","Nie zgadzam się","Zdecydowanie się nie zgadzam","Nie zgadzam się","Zdecydowanie się nie zgadzam","Zdecydowanie niesatysfakcjonująca","Zdecydowanie się nie zgadzam","Zgadzam się","Zadowolony","Rzadko","Trudno powiedzieć","trudno powiedzieć","raczej się nie zgadzam","raczej się nie zgadzam","raczej się nie zgadzam","niesatysfakcjonująca","raz na miesiąc lub mniej","raz na miesiąc lub mniej","raz na miesiąc lub mniej","raz na miesiąc lub mniej","raz na miesiąc lub mniej","raz na miesiąc lub mniej","raz na miesiąc lub mniej","raz na miesiąc lub mniej","trudno powiedzieć","zdecydowanie niesatysfakcjonujący","raczej się zgadzam","zdecydowanie się nie zgadzam","raczej się nie zgadzam","raczej się nie zgadzam","raczej się nie zgadzam","raczej się nie zgadzam","zdecydowanie się nie zgadzam","raczej się nie zgadzam","zdecydowanie się nie zgadzam","zdecydowanie się nie zgadzam","raczej się nie zgadzam","nie zgadzam się","zdecydowanie się nie zgadzam","zdecydowanie się nie zgadzam","raczej się nie zgadzam","zdecydowanie się nie zgadzam","raczej się nie zgadzam","zdecydowanie się nie zgadzam","K","PO","5","Raz","nie"
"2023/12/10 3:45:11 PM CET","Trudno powiedzieć","Nie zgadzam się","Nie zgadzam się","Zdecydowanie się nie zgadzam","Trudno powiedzieć","Zgadzam się","Zgadzam się","Zadowolony","Rzadko","Trudno powiedzieć","trudno powiedzieć","raczej się zgadzam","raczej się zgadzam","zgadzam się","trudno powiedzieć","raz na miesiąc lub mniej","1--2 razy w tygodniu","1--2 razy w tygodniu","1--2 razy w tygodniu","raz na miesiąc lub mniej","1--2 razy w tygodniu","raz na miesiąc lub mniej","1--2 razy w tygodniu","trudno powiedzieć","satysfakcjonujący","raczej się zgadzam","trudno powiedzieć","trudno powiedzieć","nie zgadzam się","zgadzam się","trudno powiedzieć","raczej się nie zgadzam","raczej się zgadzam","trudno powiedzieć","trudno powiedzieć","raczej się zgadzam","zdecydowanie się nie zgadzam","nie zgadzam się","nie zgadzam się","trudno powiedzieć","nie zgadzam się","nie zgadzam się","raczej się nie zgadzam","K","RM","20","Dwa razy","nie"
"2023/12/10 3:45:34 PM CET","Zgadzam się","Zgadzam się","Zgadzam się","Nie zgadzam się","Satysfakcjonująca","Zgadzam się","Zgadzam się","Zadowolony","Często","Trudno powiedzieć","zgadzam się","zgadzam się","zgadzam się","zgadzam się","satysfakcjonująca","raz na miesiąc lub mniej","raz na miesiąc lub mniej","raz na miesiąc lub mniej","raz na miesiąc lub mniej","raz na miesiąc lub mniej","raz na miesiąc lub mniej","raz na miesiąc lub mniej","raz na miesiąc lub mniej","satysfakcjonujące","satysfakcjonujący","trudno powiedzieć","nie zgadzam się","nie zgadzam się","zgadzam się","nie zgadzam się","raczej się zgadzam","trudno powiedzieć","zgadzam się","nie zgadzam się","nie zgadzam się","nie zgadzam się","nie zgadzam się","zgadzam się","nie zgadzam się","zgadzam się","nie zgadzam się","nie zgadzam się","nie zgadzam się","K","PO","28","Trzy i więcej","tak"
"2023/12/10 3:46:04 PM CET","Zdecydowanie się nie zgadzam","Zdecydowanie się nie zgadzam","Zdecydowanie się nie zgadzam","Zdecydowanie się nie zgadzam","Trudno powiedzieć","Zgadzam się","Zgadzam się","Zadowolony","Nigdy","Zgadzam się","zgadzam się","zgadzam się","zgadzam się","zgadzam się","trudno powiedzieć","raz na miesiąc lub mniej","raz na miesiąc lub mniej","raz na miesiąc lub mniej","raz na miesiąc lub mniej","raz na miesiąc lub mniej","raz na miesiąc lub mniej","raz na miesiąc lub mniej","raz na miesiąc lub mniej","trudno powiedzieć","trudno powiedzieć","zgadzam się","zgadzam się","zgadzam się","zgadzam się","raczej się nie zgadzam","zgadzam się","zgadzam się","zgadzam się","zgadzam się","zgadzam się","trudno powiedzieć","zgadzam się","zdecydowanie się zgadzam","raczej się zgadzam","zgadzam się","trudno powiedzieć","zgadzam się","zgadzam się","K","PO","35","Dwa razy","nie"
"2023/12/10 3:48:55 PM CET","Trudno powiedzieć","Trudno powiedzieć","Nie zgadzam się","Nie zgadzam się","Trudno powiedzieć","Zgadzam się","Zgadzam się","Zadowolony","Rzadko","Raczej się nie zgadzam","raczej się nie zgadzam","raczej się zgadzam","trudno powiedzieć","raczej się nie zgadzam","satysfakcjonująca","raz na miesiąc lub mniej","raz na miesiąc lub mniej","1--2 razy w miesiącu","raz na miesiąc lub mniej","raz na miesiąc lub mniej","raz na miesiąc lub mniej","raz na miesiąc lub mniej","raz na miesiąc lub mniej","satysfakcjonujące","satysfakcjonujący","raczej się nie zgadzam","nie zgadzam się","zdecydowanie się nie zgadzam","raczej się nie zgadzam","raczej się nie zgadzam","nie zgadzam się","nie zgadzam się","raczej się zgadzam","raczej się nie zgadzam","nie zgadzam się","nie zgadzam się","nie zgadzam się","trudno powiedzieć","raczej się nie zgadzam","trudno powiedzieć","zdecydowanie się nie zgadzam","raczej się zgadzam","trudno powiedzieć","K","PO","0","Nigdy","nie"
"2023/12/10 3:50:07 PM CET","Zdecydowanie się nie zgadzam","Zdecydowanie się nie zgadzam","Nie zgadzam się","Zdecydowanie się nie zgadzam","Satysfakcjonująca","Zdecydowanie się zgadzam","Zdecydowanie się zgadzam","Bardzo zadowolony","Nigdy","Zgadzam się","zgadzam się","zdecydowanie się zgadzam","zgadzam się","zdecydowanie się zgadzam","satysfakcjonująca","raz na miesiąc lub mniej","raz na miesiąc lub mniej","raz na miesiąc lub mniej","raz na miesiąc lub mniej","raz na miesiąc lub mniej","raz na miesiąc lub mniej","raz na miesiąc lub mniej","raz na miesiąc lub mniej","satysfakcjonujące","satysfakcjonujący","raczej się zgadzam","zgadzam się","zdecydowanie się zgadzam","zgadzam się","zgadzam się","zdecydowanie się zgadzam","zgadzam się","zgadzam się","raczej się zgadzam","zgadzam się","nie zgadzam się","zgadzam się","raczej się zgadzam","nie zgadzam się","zgadzam się","nie zgadzam się","zgadzam się","zdecydowanie się nie zgadzam","K","RM","30","Trzy i więcej","nie"
"2023/12/10 4:52:15 PM CET","Trudno powiedzieć","Nie zgadzam się","Nie zgadzam się","Nie zgadzam się","Niesatysfakcjonująca","Zgadzam się","Zgadzam się","Zadowolony","Rzadko","Raczej się nie zgadzam","raczej się nie zgadzam","raczej się zgadzam","raczej się zgadzam","zgadzam się","niesatysfakcjonująca","raz na miesiąc lub mniej","raz na miesiąc lub mniej","1--2 razy w miesiącu","raz na miesiąc lub mniej","1--2 razy w miesiącu","raz na miesiąc lub mniej","raz na miesiąc lub mniej","raz na miesiąc lub mniej","niesatysfakcjonujące","niesatysfakcjonujący","nie zgadzam się","nie zgadzam się","trudno powiedzieć","trudno powiedzieć","raczej się zgadzam","trudno powiedzieć","trudno powiedzieć","raczej się nie zgadzam","raczej się nie zgadzam","zdecydowanie się nie zgadzam","zdecydowanie się nie zgadzam","nie zgadzam się","nie zgadzam się","nie zgadzam się","raczej się nie zgadzam","zdecydowanie się nie zgadzam","zdecydowanie się nie zgadzam","nie zgadzam się","K","PO","30","Trzy i więcej","tak"
"2023/12/10 5:59:26 PM CET","Zdecydowanie się zgadzam","Zdecydowanie się zgadzam","Zdecydowanie się zgadzam","Nie zgadzam się","Niesatysfakcjonująca","Nie zgadzam się","Nie zgadzam się","Niezadowolony","Bardzo często","Zdecydowanie się nie zgadzam","nie zgadzam się","nie zgadzam się","trudno powiedzieć","raczej się zgadzam","niesatysfakcjonująca","raz na miesiąc lub mniej","1--2 razy w miesiącu","1--2 razy w miesiącu","1--2 razy w miesiącu","raz na miesiąc lub mniej","1--2 razy w miesiącu","raz na miesiąc lub mniej","1--2 razy w miesiącu","niesatysfakcjonujące","niesatysfakcjonujący","zdecydowanie się nie zgadzam","zdecydowanie się nie zgadzam","zdecydowanie się nie zgadzam","zdecydowanie się nie zgadzam","zdecydowanie się nie zgadzam","zdecydowanie się nie zgadzam","zdecydowanie się nie zgadzam","trudno powiedzieć","nie zgadzam się","zdecydowanie się nie zgadzam","zdecydowanie się nie zgadzam","zdecydowanie się nie zgadzam","zdecydowanie się nie zgadzam","zdecydowanie się nie zgadzam","zdecydowanie się nie zgadzam","zdecydowanie się nie zgadzam","zdecydowanie się nie zgadzam","trudno powiedzieć","K","PO","33","Dwa razy","nie"
"2023/12/10 7:28:35 PM CET","Nie zgadzam się","Zdecydowanie się nie zgadzam","Zdecydowanie się nie zgadzam","Zdecydowanie się nie zgadzam","Satysfakcjonująca","Zgadzam się","Zgadzam się","Zadowolony","Czasami","Raczej się nie zgadzam","raczej się nie zgadzam","raczej się zgadzam","raczej się zgadzam","raczej się zgadzam","niesatysfakcjonująca","raz na miesiąc lub mniej","raz na miesiąc lub mniej","raz na miesiąc lub mniej","raz na miesiąc lub mniej","raz na miesiąc lub mniej","raz na miesiąc lub mniej","raz na miesiąc lub mniej","raz na miesiąc lub mniej","niesatysfakcjonujące","niesatysfakcjonujący","trudno powiedzieć","raczej się nie zgadzam","zgadzam się","raczej się zgadzam","nie zgadzam się","raczej się nie zgadzam","trudno powiedzieć","raczej się zgadzam","nie zgadzam się","nie zgadzam się","trudno powiedzieć","nie zgadzam się","raczej się nie zgadzam","nie zgadzam się","raczej się nie zgadzam","nie zgadzam się","nie zgadzam się","nie zgadzam się","K","PO","26","Raz","nie"
"2023/12/20 8:08:00 PM CET","Nie zgadzam się","Nie zgadzam się","Nie zgadzam się","Nie zgadzam się","Satysfakcjonująca","Zgadzam się","Zgadzam się","Zadowolony","Rzadko","Raczej się zgadzam","trudno powiedzieć","raczej się zgadzam","trudno powiedzieć","raczej się nie zgadzam","satysfakcjonująca","raz na miesiąc lub mniej","raz na miesiąc lub mniej","raz na miesiąc lub mniej","raz na miesiąc lub mniej","raz na miesiąc lub mniej","raz na miesiąc lub mniej","raz na miesiąc lub mniej","raz na miesiąc lub mniej","satysfakcjonujące","satysfakcjonujący","raczej się nie zgadzam","raczej się nie zgadzam","raczej się zgadzam","raczej się nie zgadzam","trudno powiedzieć","raczej się nie zgadzam","trudno powiedzieć","trudno powiedzieć","raczej się nie zgadzam","trudno powiedzieć","nie zgadzam się","raczej się zgadzam","raczej się zgadzam","raczej się nie zgadzam","raczej się zgadzam","raczej się nie zgadzam","trudno powiedzieć","raczej się nie zgadzam","K","RM","34","Dwa razy","nie"
